dataset,n,W,metodo,tiempo
densidad-alta,10,5,FB,0.0042
densidad-alta,11,6,FB,0.006
densidad-alta,12,6,FB,0.0142
densidad-alta,13,7,FB,0.0138
densidad-alta,14,7,FB,0.0353
densidad-alta,15,8,FB,0.0332
densidad-alta,16,8,FB,0.0531
densidad-alta,17,9,FB,0.0843
densidad-alta,18,9,FB,0.1883
densidad-alta,19,10,FB,0.3136
densidad-alta,20,10,FB,0.3616
densidad-alta,21,11,FB,0.5763
densidad-alta,22,11,FB,0.9099
densidad-alta,23,12,FB,1.4939
densidad-alta,24,12,FB,2.4479
densidad-alta,25,13,FB,4.0129
densidad-alta,26,13,FB,6.7301
densidad-alta,27,14,FB,10.6615
densidad-alta,28,14,FB,17.3601
densidad-alta,29,15,FB,27.8544
densidad-alta,30,15,FB,43.0335
densidad-alta,31,16,FB,70.1539
densidad-alta,32,16,FB,126.281
densidad-alta,33,17,FB,199.525
densidad-alta,34,17,FB,320.311
densidad-baja,10,27,FB,0.0044
densidad-baja,11,33,FB,0.0061
densidad-baja,12,39,FB,0.0088
densidad-baja,13,45,FB,0.0137
densidad-baja,14,52,FB,0.0217
densidad-baja,15,60,FB,0.0338
densidad-baja,16,68,FB,0.0545
densidad-baja,17,76,FB,0.0853
densidad-baja,18,85,FB,0.1359
densidad-baja,19,95,FB,0.2305
densidad-baja,20,105,FB,0.3563
densidad-baja,21,115,FB,0.632
densidad-baja,22,126,FB,0.9985
densidad-baja,23,138,FB,1.5159
densidad-baja,24,150,FB,2.5628
densidad-baja,25,162,FB,4.0015
densidad-baja,26,175,FB,6.3782
densidad-baja,27,189,FB,10.6516
densidad-baja,28,203,FB,21.653
densidad-baja,29,217,FB,28.4219
densidad-baja,30,232,FB,45.8441
densidad-baja,31,248,FB,75.7863
densidad-baja,32,264,FB,123.623
densidad-baja,33,280,FB,204.153
densidad-baja,34,297,FB,317.171
mejor-caso-bt,0,1000,BT,0.0013
mejor-caso-bt,1,1000,BT,0.0016
mejor-caso-bt,2,1000,BT,0.0019
mejor-caso-bt,3,1000,BT,0.0022
mejor-caso-bt,4,1000,BT,0.0024
mejor-caso-bt,5,1000,BT,0.0027
mejor-caso-bt,6,1000,BT,0.0031
mejor-caso-bt,7,1000,BT,0.005
mejor-caso-bt,8,1000,BT,0.0034
mejor-caso-bt,9,1000,BT,0.0038
mejor-caso-bt,10,1000,BT,0.0041
mejor-caso-bt,11,1000,BT,0.0043
mejor-caso-bt,12,1000,BT,0.0045
mejor-caso-bt,13,1000,BT,0.0048
mejor-caso-bt,14,1000,BT,0.0052
mejor-caso-bt,15,1000,BT,0.0054
mejor-caso-bt,16,1000,BT,0.006
mejor-caso-bt,17,1000,BT,0.0061
mejor-caso-bt,18,1000,BT,0.0062
mejor-caso-bt,19,1000,BT,0.0073
mejor-caso-bt,20,1000,BT,0.0068
mejor-caso-bt,21,1000,BT,0.007
mejor-caso-bt,22,1000,BT,0.0073
mejor-caso-bt,23,1000,BT,0.0076
mejor-caso-bt,24,1000,BT,0.013
mejor-caso-bt,25,1000,BT,0.0135
mejor-caso-bt,26,1000,BT,0.0137
mejor-caso-bt,27,1000,BT,0.0189
mejor-caso-bt,28,1000,BT,0.0184
mejor-caso-bt,29,1000,BT,0.023
mejor-caso-bt,30,1000,BT,0.0229
mejor-caso-bt,31,1000,BT,0.0189
mejor-caso-bt,32,1000,BT,0.0196
mejor-caso-bt,33,1000,BT,0.021
mejor-caso-bt,34,1000,BT,0.0225
mejor-caso-bt,35,1000,BT,0.0253
mejor-caso-bt,36,1000,BT,0.024
mejor-caso-bt,37,1000,BT,0.0242
mejor-caso-bt,38,1000,BT,0.0248
mejor-caso-bt,39,1000,BT,0.028
mejor-caso-bt,40,1000,BT,0.0269
mejor-caso-bt,41,1000,BT,0.0277
mejor-caso-bt,42,1000,BT,0.0316
mejor-caso-bt,43,1000,BT,0.042
mejor-caso-bt,44,1000,BT,0.0323
mejor-caso-bt,45,1000,BT,0.0338
mejor-caso-bt,46,1000,BT,0.0333
mejor-caso-bt,47,1000,BT,0.0336
mejor-caso-bt,48,1000,BT,0.0355
mejor-caso-bt,49,1000,BT,0.0359
mejor-caso-bt,50,1000,BT,0.0371
mejor-caso-bt,51,1000,BT,0.0379
mejor-caso-bt,52,1000,BT,0.037
mejor-caso-bt,53,1000,BT,0.0375
mejor-caso-bt,54,1000,BT,0.0409
mejor-caso-bt,55,1000,BT,0.0426
mejor-caso-bt,56,1000,BT,0.0424
mejor-caso-bt,57,1000,BT,0.0438
mejor-caso-bt,58,1000,BT,0.0432
mejor-caso-bt,59,1000,BT,0.0467
mejor-caso-bt,60,1000,BT,0.0469
mejor-caso-bt,61,1000,BT,0.0486
mejor-caso-bt,62,1000,BT,0.0663
mejor-caso-bt,63,1000,BT,0.0495
mejor-caso-bt,64,1000,BT,0.0532
mejor-caso-bt,65,1000,BT,0.0543
mejor-caso-bt,66,1000,BT,0.0526
mejor-caso-bt,67,1000,BT,0.0725
mejor-caso-bt,68,1000,BT,0.0561
mejor-caso-bt,69,1000,BT,0.0556
mejor-caso-bt,70,1000,BT,0.0591
mejor-caso-bt,71,1000,BT,0.0718
mejor-caso-bt,72,1000,BT,0.0581
mejor-caso-bt,73,1000,BT,0.057
mejor-caso-bt,74,1000,BT,0.0581
mejor-caso-bt,75,1000,BT,0.0618
mejor-caso-bt,76,1000,BT,0.0846
mejor-caso-bt,77,1000,BT,0.0756
mejor-caso-bt,78,1000,BT,0.0866
mejor-caso-bt,79,1000,BT,0.0646
mejor-caso-bt,80,1000,BT,0.0661
mejor-caso-bt,81,1000,BT,0.0655
mejor-caso-bt,82,1000,BT,0.067
mejor-caso-bt,83,1000,BT,0.0658
mejor-caso-bt,84,1000,BT,0.0659
mejor-caso-bt,85,1000,BT,0.0695
mejor-caso-bt,86,1000,BT,0.0731
mejor-caso-bt,87,1000,BT,0.0744
mejor-caso-bt,88,1000,BT,0.0748
mejor-caso-bt,89,1000,BT,0.0738
mejor-caso-bt,90,1000,BT,0.0832
mejor-caso-bt,91,1000,BT,0.077
mejor-caso-bt,92,1000,BT,0.0798
mejor-caso-bt,93,1000,BT,0.0777
mejor-caso-bt,94,1000,BT,0.0794
mejor-caso-bt,95,1000,BT,0.0815
mejor-caso-bt,96,1000,BT,0.0821
mejor-caso-bt,97,1000,BT,0.0954
mejor-caso-bt,98,1000,BT,0.0835
mejor-caso-bt,99,1000,BT,0.0856
mejor-caso-bt,100,1000,BT,0.0843
mejor-caso-bt,101,1000,BT,0.0855
mejor-caso-bt,102,1000,BT,0.084
mejor-caso-bt,103,1000,BT,0.0843
mejor-caso-bt,104,1000,BT,0.0855
mejor-caso-bt,105,1000,BT,0.1099
mejor-caso-bt,106,1000,BT,0.0917
mejor-caso-bt,107,1000,BT,0.0899
mejor-caso-bt,108,1000,BT,0.0885
mejor-caso-bt,109,1000,BT,0.0899
mejor-caso-bt,110,1000,BT,0.0892
mejor-caso-bt,111,1000,BT,0.0982
mejor-caso-bt,112,1000,BT,0.0988
mejor-caso-bt,113,1000,BT,0.0994
mejor-caso-bt,114,1000,BT,0.0979
mejor-caso-bt,115,1000,BT,0.0991
mejor-caso-bt,116,1000,BT,0.1038
mejor-caso-bt,117,1000,BT,0.1019
mejor-caso-bt,118,1000,BT,0.1035
mejor-caso-bt,119,1000,BT,0.0993
mejor-caso-bt,120,1000,BT,0.1006
mejor-caso-bt,121,1000,BT,0.1055
mejor-caso-bt,122,1000,BT,0.1061
mejor-caso-bt,123,1000,BT,0.1064
mejor-caso-bt,124,1000,BT,0.1053
mejor-caso-bt,125,1000,BT,0.1059
mejor-caso-bt,126,1000,BT,0.1104
mejor-caso-bt,127,1000,BT,0.1105
mejor-caso-bt,128,1000,BT,0.1094
mejor-caso-bt,129,1000,BT,0.1115
mejor-caso-bt,130,1000,BT,0.1091
mejor-caso-bt,131,1000,BT,0.1146
mejor-caso-bt,132,1000,BT,0.1139
mejor-caso-bt,133,1000,BT,0.1151
mejor-caso-bt,134,1000,BT,0.1151
mejor-caso-bt,135,1000,BT,0.1144
mejor-caso-bt,136,1000,BT,0.1444
mejor-caso-bt,137,1000,BT,0.1398
mejor-caso-bt,138,1000,BT,0.1295
mejor-caso-bt,139,1000,BT,0.1231
mejor-caso-bt,140,1000,BT,0.1264
mejor-caso-bt,141,1000,BT,0.1256
mejor-caso-bt,142,1000,BT,0.1519
mejor-caso-bt,143,1000,BT,0.1254
mejor-caso-bt,144,1000,BT,0.1245
mejor-caso-bt,145,1000,BT,0.1248
mejor-caso-bt,146,1000,BT,0.1298
mejor-caso-bt,147,1000,BT,0.1297
mejor-caso-bt,148,1000,BT,0.1294
mejor-caso-bt,149,1000,BT,0.1647
mejor-caso-bt,150,1000,BT,0.131
mejor-caso-bt,151,1000,BT,0.1298
mejor-caso-bt,152,1000,BT,0.1342
mejor-caso-bt,153,1000,BT,0.1588
mejor-caso-bt,154,1000,BT,0.1373
mejor-caso-bt,155,1000,BT,0.134
mejor-caso-bt,156,1000,BT,0.141
mejor-caso-bt,157,1000,BT,0.1387
mejor-caso-bt,158,1000,BT,0.1381
mejor-caso-bt,159,1000,BT,0.1389
mejor-caso-bt,160,1000,BT,0.1399
mejor-caso-bt,161,1000,BT,0.1417
mejor-caso-bt,162,1000,BT,0.1473
mejor-caso-bt,163,1000,BT,0.1831
mejor-caso-bt,164,1000,BT,0.1413
mejor-caso-bt,165,1000,BT,0.1453
mejor-caso-bt,166,1000,BT,0.1443
mejor-caso-bt,167,1000,BT,0.1468
mejor-caso-bt,168,1000,BT,0.1457
mejor-caso-bt,169,1000,BT,0.1469
mejor-caso-bt,170,1000,BT,0.1624
mejor-caso-bt,171,1000,BT,0.1485
mejor-caso-bt,172,1000,BT,0.1529
mejor-caso-bt,173,1000,BT,0.1545
mejor-caso-bt,174,1000,BT,0.1525
mejor-caso-bt,175,1000,BT,0.153
mejor-caso-bt,176,1000,BT,0.1517
mejor-caso-bt,177,1000,BT,0.1553
mejor-caso-bt,178,1000,BT,0.1564
mejor-caso-bt,179,1000,BT,0.159
mejor-caso-bt,180,1000,BT,0.1637
mejor-caso-bt,181,1000,BT,0.1597
mejor-caso-bt,182,1000,BT,0.161
mejor-caso-bt,183,1000,BT,0.1597
mejor-caso-bt,184,1000,BT,0.1615
mejor-caso-bt,185,1000,BT,0.1593
mejor-caso-bt,186,1000,BT,0.2019
mejor-caso-bt,187,1000,BT,0.1708
mejor-caso-bt,188,1000,BT,0.1661
mejor-caso-bt,189,1000,BT,0.1677
mejor-caso-bt,190,1000,BT,0.1672
mejor-caso-bt,191,1000,BT,0.2004
mejor-caso-bt,192,1000,BT,0.1852
mejor-caso-bt,193,1000,BT,0.1774
mejor-caso-bt,194,1000,BT,0.1717
mejor-caso-bt,195,1000,BT,0.1705
mejor-caso-bt,196,1000,BT,0.1751
mejor-caso-bt,197,1000,BT,0.1786
mejor-caso-bt,198,1000,BT,0.1786
mejor-caso-bt,199,1000,BT,0.1811
mejor-caso-bt,200,1000,BT,0.1791
mejor-caso-bt,201,1000,BT,0.1807
mejor-caso-bt,202,1000,BT,0.1797
mejor-caso-bt,203,1000,BT,0.1877
mejor-caso-bt,204,1000,BT,0.2077
mejor-caso-bt,205,1000,BT,0.2103
mejor-caso-bt,206,1000,BT,0.1895
mejor-caso-bt,207,1000,BT,0.1868
mejor-caso-bt,208,1000,BT,0.1921
mejor-caso-bt,209,1000,BT,0.1916
mejor-caso-bt,210,1000,BT,0.2066
mejor-caso-bt,211,1000,BT,0.2124
mejor-caso-bt,212,1000,BT,0.216
mejor-caso-bt,213,1000,BT,0.1945
mejor-caso-bt,214,1000,BT,0.1949
mejor-caso-bt,215,1000,BT,0.1967
mejor-caso-bt,216,1000,BT,0.1956
mejor-caso-bt,217,1000,BT,0.1939
mejor-caso-bt,218,1000,BT,0.1987
mejor-caso-bt,219,1000,BT,0.1999
mejor-caso-bt,220,1000,BT,0.2045
mejor-caso-bt,221,1000,BT,0.204
mejor-caso-bt,222,1000,BT,0.2018
mejor-caso-bt,223,1000,BT,0.2065
mejor-caso-bt,224,1000,BT,0.2151
mejor-caso-bt,225,1000,BT,0.2369
mejor-caso-bt,226,1000,BT,0.2027
mejor-caso-bt,227,1000,BT,0.2076
mejor-caso-bt,228,1000,BT,0.2075
mejor-caso-bt,229,1000,BT,0.2103
mejor-caso-bt,230,1000,BT,0.2219
mejor-caso-bt,231,1000,BT,0.2249
mejor-caso-bt,232,1000,BT,0.2197
mejor-caso-bt,233,1000,BT,0.2258
mejor-caso-bt,234,1000,BT,0.2152
mejor-caso-bt,235,1000,BT,0.2278
mejor-caso-bt,236,1000,BT,0.2234
mejor-caso-bt,237,1000,BT,0.2232
mejor-caso-bt,238,1000,BT,0.2163
mejor-caso-bt,239,1000,BT,0.2224
mejor-caso-bt,240,1000,BT,0.2609
mejor-caso-bt,241,1000,BT,0.2629
mejor-caso-bt,242,1000,BT,0.3274
mejor-caso-bt,243,1000,BT,0.2415
mejor-caso-bt,244,1000,BT,0.2218
mejor-caso-bt,245,1000,BT,0.2264
mejor-caso-bt,246,1000,BT,0.223
mejor-caso-bt,247,1000,BT,0.2252
mejor-caso-bt,248,1000,BT,0.2258
mejor-caso-bt,249,1000,BT,0.2286
mejor-caso-bt,250,1000,BT,0.2272
mejor-caso-bt,251,1000,BT,0.2299
mejor-caso-bt,252,1000,BT,0.2321
mejor-caso-bt,253,1000,BT,0.2331
mejor-caso-bt,254,1000,BT,0.2669
mejor-caso-bt,255,1000,BT,0.2579
mejor-caso-bt,256,1000,BT,0.2489
mejor-caso-bt,257,1000,BT,0.279
mejor-caso-bt,258,1000,BT,0.3214
mejor-caso-bt,259,1000,BT,0.2519
mejor-caso-bt,260,1000,BT,0.2434
mejor-caso-bt,261,1000,BT,0.2405
mejor-caso-bt,262,1000,BT,0.2405
mejor-caso-bt,263,1000,BT,0.2388
mejor-caso-bt,264,1000,BT,0.2491
mejor-caso-bt,265,1000,BT,0.2763
mejor-caso-bt,266,1000,BT,0.25
mejor-caso-bt,267,1000,BT,0.251
mejor-caso-bt,268,1000,BT,0.2461
mejor-caso-bt,269,1000,BT,0.2535
mejor-caso-bt,270,1000,BT,0.2465
mejor-caso-bt,271,1000,BT,0.2476
mejor-caso-bt,272,1000,BT,0.2703
mejor-caso-bt,273,1000,BT,0.2494
mejor-caso-bt,274,1000,BT,0.283
mejor-caso-bt,275,1000,BT,0.26
mejor-caso-bt,276,1000,BT,0.2557
mejor-caso-bt,277,1000,BT,0.2514
mejor-caso-bt,278,1000,BT,0.2544
mejor-caso-bt,279,1000,BT,0.2513
mejor-caso-bt,280,1000,BT,0.2852
mejor-caso-bt,281,1000,BT,0.2565
mejor-caso-bt,282,1000,BT,0.2648
mejor-caso-bt,283,1000,BT,0.2581
mejor-caso-bt,284,1000,BT,0.2566
mejor-caso-bt,285,1000,BT,0.2603
mejor-caso-bt,286,1000,BT,0.2595
mejor-caso-bt,287,1000,BT,0.2615
mejor-caso-bt,288,1000,BT,0.2613
mejor-caso-bt,289,1000,BT,0.2616
mejor-caso-bt,290,1000,BT,0.2638
mejor-caso-bt,291,1000,BT,0.2687
mejor-caso-bt,292,1000,BT,0.265
mejor-caso-bt,293,1000,BT,0.2655
mejor-caso-bt,294,1000,BT,0.2827
mejor-caso-bt,295,1000,BT,0.2813
mejor-caso-bt,296,1000,BT,0.2692
mejor-caso-bt,297,1000,BT,0.3067
mejor-caso-bt,298,1000,BT,0.2705
mejor-caso-bt,299,1000,BT,0.271
mejor-caso-bt,300,1000,BT,0.3011
mejor-caso-bt,301,1000,BT,0.2739
mejor-caso-bt,302,1000,BT,0.2745
mejor-caso-bt,303,1000,BT,0.2749
mejor-caso-bt,304,1000,BT,0.2848
mejor-caso-bt,305,1000,BT,0.2814
mejor-caso-bt,306,1000,BT,0.3177
mejor-caso-bt,307,1000,BT,0.3288
mejor-caso-bt,308,1000,BT,0.279
mejor-caso-bt,309,1000,BT,0.2947
mejor-caso-bt,310,1000,BT,0.2931
mejor-caso-bt,311,1000,BT,0.2859
mejor-caso-bt,312,1000,BT,0.2797
mejor-caso-bt,313,1000,BT,0.3128
mejor-caso-bt,314,1000,BT,0.3239
mejor-caso-bt,315,1000,BT,0.3127
mejor-caso-bt,316,1000,BT,0.2906
mejor-caso-bt,317,1000,BT,0.2912
mejor-caso-bt,318,1000,BT,0.3286
mejor-caso-bt,319,1000,BT,0.2932
mejor-caso-bt,320,1000,BT,0.3445
mejor-caso-bt,321,1000,BT,0.3679
mejor-caso-bt,322,1000,BT,0.3434
mejor-caso-bt,323,1000,BT,0.2962
mejor-caso-bt,324,1000,BT,0.2966
mejor-caso-bt,325,1000,BT,0.3114
mejor-caso-bt,326,1000,BT,0.3011
mejor-caso-bt,327,1000,BT,0.3029
mejor-caso-bt,328,1000,BT,0.3055
mejor-caso-bt,329,1000,BT,0.3111
mejor-caso-bt,330,1000,BT,0.3053
mejor-caso-bt,331,1000,BT,0.306
mejor-caso-bt,332,1000,BT,0.3058
mejor-caso-bt,333,1000,BT,0.322
mejor-caso-bt,334,1000,BT,0.336
mejor-caso-bt,335,1000,BT,0.3113
mejor-caso-bt,336,1000,BT,0.3117
mejor-caso-bt,337,1000,BT,0.3104
mejor-caso-bt,338,1000,BT,0.3158
mejor-caso-bt,339,1000,BT,0.3076
mejor-caso-bt,340,1000,BT,0.3156
mejor-caso-bt,341,1000,BT,0.3129
mejor-caso-bt,342,1000,BT,0.3181
mejor-caso-bt,343,1000,BT,0.3194
mejor-caso-bt,344,1000,BT,0.3121
mejor-caso-bt,345,1000,BT,0.3152
mejor-caso-bt,346,1000,BT,0.3195
mejor-caso-bt,347,1000,BT,0.3473
mejor-caso-bt,348,1000,BT,0.3225
mejor-caso-bt,349,1000,BT,0.3225
mejor-caso-bt,350,1000,BT,0.3223
mejor-caso-bt,351,1000,BT,0.3272
mejor-caso-bt,352,1000,BT,0.3241
mejor-caso-bt,353,1000,BT,0.3295
mejor-caso-bt,354,1000,BT,0.3231
mejor-caso-bt,355,1000,BT,0.3533
mejor-caso-bt,356,1000,BT,0.3337
mejor-caso-bt,357,1000,BT,0.3657
mejor-caso-bt,358,1000,BT,0.3411
mejor-caso-bt,359,1000,BT,0.3351
mejor-caso-bt,360,1000,BT,0.3441
mejor-caso-bt,361,1000,BT,0.3684
mejor-caso-bt,362,1000,BT,0.3903
mejor-caso-bt,363,1000,BT,0.3348
mejor-caso-bt,364,1000,BT,0.3335
mejor-caso-bt,365,1000,BT,0.3387
mejor-caso-bt,366,1000,BT,0.3394
mejor-caso-bt,367,1000,BT,0.3453
mejor-caso-bt,368,1000,BT,0.3467
mejor-caso-bt,369,1000,BT,0.3444
mejor-caso-bt,370,1000,BT,0.3468
mejor-caso-bt,371,1000,BT,0.3442
mejor-caso-bt,372,1000,BT,0.3715
mejor-caso-bt,373,1000,BT,0.3796
mejor-caso-bt,374,1000,BT,0.3577
mejor-caso-bt,375,1000,BT,0.3489
mejor-caso-bt,376,1000,BT,0.5031
mejor-caso-bt,377,1000,BT,0.3617
mejor-caso-bt,378,1000,BT,0.3636
mejor-caso-bt,379,1000,BT,0.3467
mejor-caso-bt,380,1000,BT,0.3469
mejor-caso-bt,381,1000,BT,0.3537
mejor-caso-bt,382,1000,BT,0.3516
mejor-caso-bt,383,1000,BT,0.3519
mejor-caso-bt,384,1000,BT,0.3612
mejor-caso-bt,385,1000,BT,0.4135
mejor-caso-bt,386,1000,BT,0.3526
mejor-caso-bt,387,1000,BT,0.4243
mejor-caso-bt,388,1000,BT,0.3536
mejor-caso-bt,389,1000,BT,0.354
mejor-caso-bt,390,1000,BT,0.3564
mejor-caso-bt,391,1000,BT,0.3569
mejor-caso-bt,392,1000,BT,0.3713
mejor-caso-bt,393,1000,BT,0.429
mejor-caso-bt,394,1000,BT,0.366
mejor-caso-bt,395,1000,BT,0.383
mejor-caso-bt,396,1000,BT,0.362
mejor-caso-bt,397,1000,BT,0.3651
mejor-caso-bt,398,1000,BT,0.4229
mejor-caso-bt,399,1000,BT,0.377
mejor-caso-bt,400,1000,BT,0.3665
mejor-caso-bt,401,1000,BT,0.4083
mejor-caso-bt,402,1000,BT,0.3748
mejor-caso-bt,403,1000,BT,0.4063
mejor-caso-bt,404,1000,BT,0.3793
mejor-caso-bt,405,1000,BT,0.3723
mejor-caso-bt,406,1000,BT,0.3731
mejor-caso-bt,407,1000,BT,0.3701
mejor-caso-bt,408,1000,BT,0.3788
mejor-caso-bt,409,1000,BT,0.3853
mejor-caso-bt,410,1000,BT,0.3757
mejor-caso-bt,411,1000,BT,0.3838
mejor-caso-bt,412,1000,BT,0.3987
mejor-caso-bt,413,1000,BT,0.3798
mejor-caso-bt,414,1000,BT,0.3819
mejor-caso-bt,415,1000,BT,0.3945
mejor-caso-bt,416,1000,BT,0.3818
mejor-caso-bt,417,1000,BT,0.3812
mejor-caso-bt,418,1000,BT,0.3863
mejor-caso-bt,419,1000,BT,0.3879
mejor-caso-bt,420,1000,BT,0.3917
mejor-caso-bt,421,1000,BT,0.3897
mejor-caso-bt,422,1000,BT,0.4696
mejor-caso-bt,423,1000,BT,0.3944
mejor-caso-bt,424,1000,BT,0.3894
mejor-caso-bt,425,1000,BT,0.3951
mejor-caso-bt,426,1000,BT,0.3909
mejor-caso-bt,427,1000,BT,0.3906
mejor-caso-bt,428,1000,BT,0.3971
mejor-caso-bt,429,1000,BT,0.3928
mejor-caso-bt,430,1000,BT,0.3971
mejor-caso-bt,431,1000,BT,0.3944
mejor-caso-bt,432,1000,BT,0.4133
mejor-caso-bt,433,1000,BT,0.403
mejor-caso-bt,434,1000,BT,0.4222
mejor-caso-bt,435,1000,BT,0.3974
mejor-caso-bt,436,1000,BT,0.4142
mejor-caso-bt,437,1000,BT,0.4128
mejor-caso-bt,438,1000,BT,0.4032
mejor-caso-bt,439,1000,BT,0.4074
mejor-caso-bt,440,1000,BT,0.4018
mejor-caso-bt,441,1000,BT,0.4074
mejor-caso-bt,442,1000,BT,0.4077
mejor-caso-bt,443,1000,BT,0.4143
mejor-caso-bt,444,1000,BT,0.4925
mejor-caso-bt,445,1000,BT,0.4184
mejor-caso-bt,446,1000,BT,0.468
mejor-caso-bt,447,1000,BT,0.4132
mejor-caso-bt,448,1000,BT,0.4533
mejor-caso-bt,449,1000,BT,0.4731
mejor-caso-bt,450,1000,BT,0.4775
mejor-caso-bt,451,1000,BT,0.4235
mejor-caso-bt,452,1000,BT,0.42
mejor-caso-bt,453,1000,BT,0.4736
mejor-caso-bt,454,1000,BT,0.4925
mejor-caso-bt,455,1000,BT,0.4206
mejor-caso-bt,456,1000,BT,0.4414
mejor-caso-bt,457,1000,BT,0.423
mejor-caso-bt,458,1000,BT,0.452
mejor-caso-bt,459,1000,BT,0.4375
mejor-caso-bt,460,1000,BT,0.4259
mejor-caso-bt,461,1000,BT,0.4268
mejor-caso-bt,462,1000,BT,0.5116
mejor-caso-bt,463,1000,BT,0.4328
mejor-caso-bt,464,1000,BT,0.432
mejor-caso-bt,465,1000,BT,0.4401
mejor-caso-bt,466,1000,BT,0.4361
mejor-caso-bt,467,1000,BT,0.4283
mejor-caso-bt,468,1000,BT,0.4312
mejor-caso-bt,469,1000,BT,0.4335
mejor-caso-bt,470,1000,BT,0.4396
mejor-caso-bt,471,1000,BT,0.4945
mejor-caso-bt,472,1000,BT,0.434
mejor-caso-bt,473,1000,BT,0.4387
mejor-caso-bt,474,1000,BT,0.4374
mejor-caso-bt,475,1000,BT,0.4507
mejor-caso-bt,476,1000,BT,0.5153
mejor-caso-bt,477,1000,BT,0.4792
mejor-caso-bt,478,1000,BT,0.4589
mejor-caso-bt,479,1000,BT,0.4714
mejor-caso-bt,480,1000,BT,0.5014
mejor-caso-bt,481,1000,BT,0.4527
mejor-caso-bt,482,1000,BT,0.4482
mejor-caso-bt,483,1000,BT,0.4461
mejor-caso-bt,484,1000,BT,0.4446
mejor-caso-bt,485,1000,BT,0.4547
mejor-caso-bt,486,1000,BT,0.4475
mejor-caso-bt,487,1000,BT,0.4529
mejor-caso-bt,488,1000,BT,0.4504
mejor-caso-bt,489,1000,BT,0.4619
mejor-caso-bt,490,1000,BT,0.4533
mejor-caso-bt,491,1000,BT,0.4505
mejor-caso-bt,492,1000,BT,0.4533
mejor-caso-bt,493,1000,BT,0.4537
mejor-caso-bt,494,1000,BT,0.4614
mejor-caso-bt,495,1000,BT,0.4582
mejor-caso-bt,496,1000,BT,0.4641
mejor-caso-bt,497,1000,BT,0.4628
mejor-caso-bt,498,1000,BT,0.4574
peor-caso-bt,0,1,BT,0.0011
peor-caso-bt,1,2,BT,0.0012
peor-caso-bt,2,3,BT,0.0012
peor-caso-bt,3,4,BT,0.0012
peor-caso-bt,4,5,BT,0.0015
peor-caso-bt,5,6,BT,0.0016
peor-caso-bt,6,7,BT,0.002
peor-caso-bt,7,8,BT,0.0024
peor-caso-bt,8,9,BT,0.003
peor-caso-bt,9,10,BT,0.004
peor-caso-bt,10,11,BT,0.0059
peor-caso-bt,11,12,BT,0.0082
peor-caso-bt,12,13,BT,0.0124
peor-caso-bt,13,14,BT,0.0189
peor-caso-bt,14,15,BT,0.0303
peor-caso-bt,15,16,BT,0.0472
peor-caso-bt,16,17,BT,0.0762
peor-caso-bt,17,18,BT,0.121
peor-caso-bt,18,19,BT,0.1944
peor-caso-bt,19,20,BT,0.3294
peor-caso-bt,20,21,BT,0.5149
peor-caso-bt,21,22,BT,0.8554
peor-caso-bt,22,23,BT,1.4054
peor-caso-bt,23,24,BT,2.1532
peor-caso-bt,24,25,BT,3.4902
peor-caso-bt,25,26,BT,5.8841
peor-caso-bt,26,27,BT,9.1411
peor-caso-bt,27,28,BT,15.2722
peor-caso-bt,28,29,BT,25.0369
peor-caso-bt,29,30,BT,38.4258
dinamica,1000,1000,DP,37.2887
dinamica,1000,1500,DP,58.18
dinamica,1000,2000,DP,81.512
dinamica,1000,2500,DP,102.253
dinamica,1000,3000,DP,135.647
dinamica,1000,3500,DP,149.837
dinamica,1000,4000,DP,188.454
dinamica,1000,4500,DP,187.891
dinamica,1000,5000,DP,218.812
dinamica,1000,5500,DP,247.502
dinamica,1000,6000,DP,263.153
dinamica,1000,6500,DP,283.112
dinamica,1000,7000,DP,311.74
dinamica,1000,7500,DP,332.873
dinamica,1500,1000,DP,48.1479
dinamica,1500,1500,DP,85.4754
dinamica,1500,2000,DP,127.462
dinamica,1500,2500,DP,164.865
dinamica,1500,3000,DP,202.652
dinamica,1500,3500,DP,232.892
dinamica,1500,4000,DP,273.71
dinamica,1500,4500,DP,333.777
dinamica,1500,5000,DP,361.347
dinamica,1500,5500,DP,399.55
dinamica,1500,6000,DP,462.205
dinamica,1500,6500,DP,469.931
dinamica,1500,7000,DP,521.466
dinamica,1500,7500,DP,518.036
dinamica,2000,1000,DP,61.1072
dinamica,2000,1500,DP,105.584
dinamica,2000,2000,DP,154.149
dinamica,2000,2500,DP,214.363
dinamica,2000,3000,DP,276.958
dinamica,2000,3500,DP,307.025
dinamica,2000,4000,DP,383.976
dinamica,2000,4500,DP,410.107
dinamica,2000,5000,DP,493.811
dinamica,2000,5500,DP,541.155
dinamica,2000,6000,DP,604.937
dinamica,2000,6500,DP,609.325
dinamica,2000,7000,DP,643.301
dinamica,2000,7500,DP,738.602
dinamica,2500,1000,DP,79.7467
dinamica,2500,1500,DP,126.734
dinamica,2500,2000,DP,187.431
dinamica,2500,2500,DP,253.012
dinamica,2500,3000,DP,357.119
dinamica,2500,3500,DP,409.721
dinamica,2500,4000,DP,473.133
dinamica,2500,4500,DP,525.041
dinamica,2500,5000,DP,586.266
dinamica,2500,5500,DP,666.073
dinamica,2500,6000,DP,703.645
dinamica,2500,6500,DP,792.565
dinamica,2500,7000,DP,855.028
dinamica,2500,7500,DP,969.273
dinamica,3000,1000,DP,89.6555
dinamica,3000,1500,DP,148.527
dinamica,3000,2000,DP,215.664
dinamica,3000,2500,DP,279.889
dinamica,3000,3000,DP,387.631
dinamica,3000,3500,DP,458.842
dinamica,3000,4000,DP,575.952
dinamica,3000,4500,DP,662.536
dinamica,3000,5000,DP,703.686
dinamica,3000,5500,DP,783.033
dinamica,3000,6000,DP,898.309
dinamica,3000,6500,DP,937.285
dinamica,3000,7000,DP,1014.64
dinamica,3000,7500,DP,1113.12
dinamica,3500,1000,DP,100.119
dinamica,3500,1500,DP,175.045
dinamica,3500,2000,DP,267.335
dinamica,3500,2500,DP,335.883
dinamica,3500,3000,DP,473.846
dinamica,3500,3500,DP,506.121
dinamica,3500,4000,DP,648.845
dinamica,3500,4500,DP,693.163
dinamica,3500,5000,DP,833.448
dinamica,3500,5500,DP,976.621
dinamica,3500,6000,DP,992.559
dinamica,3500,6500,DP,1074.82
dinamica,3500,7000,DP,1161.04
dinamica,3500,7500,DP,1267.44
dinamica,4000,1000,DP,115.389
dinamica,4000,1500,DP,186.159
dinamica,4000,2000,DP,274.355
dinamica,4000,2500,DP,358.179
dinamica,4000,3000,DP,493.322
dinamica,4000,3500,DP,567.113
dinamica,4000,4000,DP,760.399
dinamica,4000,4500,DP,768.481
dinamica,4000,5000,DP,856.676
dinamica,4000,5500,DP,1005.57
dinamica,4000,6000,DP,1096.42
dinamica,4000,6500,DP,1204.05
dinamica,4000,7000,DP,1331.97
dinamica,4000,7500,DP,1426.26
dinamica,4500,1000,DP,130.848
dinamica,4500,1500,DP,204.452
dinamica,4500,2000,DP,316.267
dinamica,4500,2500,DP,400.852
dinamica,4500,3000,DP,557.445
dinamica,4500,3500,DP,626.763
dinamica,4500,4000,DP,855.858
dinamica,4500,4500,DP,912.578
dinamica,4500,5000,DP,1057.38
dinamica,4500,5500,DP,1155.34
dinamica,4500,6000,DP,1295.94
dinamica,4500,6500,DP,1402.36
dinamica,4500,7000,DP,1479.89
dinamica,4500,7500,DP,1695.84
dinamica,5000,1000,DP,150.139
dinamica,5000,1500,DP,232.468
dinamica,5000,2000,DP,387.81
dinamica,5000,2500,DP,450.719
dinamica,5000,3000,DP,614.425
dinamica,5000,3500,DP,697.885
dinamica,5000,4000,DP,936.881
dinamica,5000,4500,DP,943.528
dinamica,5000,5000,DP,1152.82
dinamica,5000,5500,DP,1227.71
dinamica,5000,6000,DP,1476.88
dinamica,5000,6500,DP,1627.59
dinamica,5000,7000,DP,1662.01
dinamica,5000,7500,DP,1839.2
dinamica,5500,1000,DP,157.782
dinamica,5500,1500,DP,268.698
dinamica,5500,2000,DP,418.827
dinamica,5500,2500,DP,502.561
dinamica,5500,3000,DP,719.624
dinamica,5500,3500,DP,804.271
dinamica,5500,4000,DP,1170.9
dinamica,5500,4500,DP,1029.37
dinamica,5500,5000,DP,1141.89
dinamica,5500,5500,DP,1340.81
dinamica,5500,6000,DP,1600.13
dinamica,5500,6500,DP,1724.73
dinamica,5500,7000,DP,1780.9
dinamica,5500,7500,DP,2066.75
dinamica,6000,1000,DP,182.22
dinamica,6000,1500,DP,301.576
dinamica,6000,2000,DP,443.543
dinamica,6000,2500,DP,524.068
dinamica,6000,3000,DP,794.569
dinamica,6000,3500,DP,866.064
dinamica,6000,4000,DP,1191.17
dinamica,6000,4500,DP,1072.45
dinamica,6000,5000,DP,1226.0
dinamica,6000,5500,DP,1407.91
dinamica,6000,6000,DP,1567.83
dinamica,6000,6500,DP,1705.46
dinamica,6000,7000,DP,2048.2
dinamica,6000,7500,DP,2197.24
dinamica,6500,1000,DP,200.023
dinamica,6500,1500,DP,321.651
dinamica,6500,2000,DP,509.405
dinamica,6500,2500,DP,571.298
dinamica,6500,3000,DP,803.194
dinamica,6500,3500,DP,904.506
dinamica,6500,4000,DP,1296.4
dinamica,6500,4500,DP,1147.34
dinamica,6500,5000,DP,1300.57
dinamica,6500,5500,DP,1477.02
dinamica,6500,6000,DP,1704.77
dinamica,6500,6500,DP,1889.39
dinamica,6500,7000,DP,2157.42
dinamica,6500,7500,DP,2333.18
dinamica,7000,1000,DP,287.672
dinamica,7000,1500,DP,414.307
dinamica,7000,2000,DP,757.283
dinamica,7000,2500,DP,670.034
dinamica,7000,3000,DP,894.112
dinamica,7000,3500,DP,951.48
dinamica,7000,4000,DP,1398.48
dinamica,7000,4500,DP,1256.03
dinamica,7000,5000,DP,1425.26
dinamica,7000,5500,DP,1687.38
dinamica,7000,6000,DP,1886.8
dinamica,7000,6500,DP,2060.06
dinamica,7000,7000,DP,2406.15
dinamica,7000,7500,DP,2505.78
dinamica,7500,1000,DP,218.936
dinamica,7500,1500,DP,368.593
dinamica,7500,2000,DP,574.575
dinamica,7500,2500,DP,667.04
dinamica,7500,3000,DP,1066.65
dinamica,7500,3500,DP,1099.99
dinamica,7500,4000,DP,1557.99
dinamica,7500,4500,DP,1334.4
dinamica,7500,5000,DP,1591.34
dinamica,7500,5500,DP,1695.94
dinamica,7500,6000,DP,1863.48
dinamica,7500,6500,DP,2140.31
dinamica,7500,7000,DP,2405.36
dinamica,7500,7500,DP,2619.16
podas-BT-RA-BI,1,1,BT,0.001
podas-BT-RA-BI,1,1,BT-O,0.0011
podas-BT-RA-BI,1,1,BT-F,0.0006
podas-BT-RA-BI,2,1,BT,0.001
podas-BT-RA-BI,2,1,BT-O,0.0011
podas-BT-RA-BI,2,1,BT-F,0.0006
podas-BT-RA-BI,3,1,BT,0.0011
podas-BT-RA-BI,3,1,BT-O,0.0012
podas-BT-RA-BI,3,1,BT-F,0.0006
podas-BT-RA-BI,4,2,BT,0.0013
podas-BT-RA-BI,4,2,BT-O,0.0013
podas-BT-RA-BI,4,2,BT-F,0.0007
podas-BT-RA-BI,5,2,BT,0.0013
podas-BT-RA-BI,5,2,BT-O,0.0015
podas-BT-RA-BI,5,2,BT-F,0.0008
podas-BT-RA-BI,6,3,BT,0.0015
podas-BT-RA-BI,6,3,BT-O,0.0017
podas-BT-RA-BI,6,3,BT-F,0.0009
podas-BT-RA-BI,7,3,BT,0.0015
podas-BT-RA-BI,7,3,BT-O,0.0021
podas-BT-RA-BI,7,3,BT-F,0.001
podas-BT-RA-BI,8,4,BT,0.0015
podas-BT-RA-BI,8,4,BT-O,0.0024
podas-BT-RA-BI,8,4,BT-F,0.0009
podas-BT-RA-BI,9,4,BT,0.0018
podas-BT-RA-BI,9,4,BT-O,0.0031
podas-BT-RA-BI,9,4,BT-F,0.0011
podas-BT-RA-BI,10,5,BT,0.002
podas-BT-RA-BI,10,5,BT-O,0.0042
podas-BT-RA-BI,10,5,BT-F,0.0014
podas-BT-RA-BI,11,5,BT,0.0021
podas-BT-RA-BI,11,5,BT-O,0.0057
podas-BT-RA-BI,11,5,BT-F,0.0014
podas-BT-RA-BI,12,6,BT,0.0027
podas-BT-RA-BI,12,6,BT-O,0.0085
podas-BT-RA-BI,12,6,BT-F,0.002
podas-BT-RA-BI,13,6,BT,0.0021
podas-BT-RA-BI,13,6,BT-O,0.0122
podas-BT-RA-BI,13,6,BT-F,0.0016
podas-BT-RA-BI,14,7,BT,0.0027
podas-BT-RA-BI,14,7,BT-O,0.0181
podas-BT-RA-BI,14,7,BT-F,0.0022
podas-BT-RA-BI,15,7,BT,0.003
podas-BT-RA-BI,15,7,BT-O,0.0291
podas-BT-RA-BI,15,7,BT-F,0.0025
podas-BT-RA-BI,16,8,BT,0.0036
podas-BT-RA-BI,16,8,BT-O,0.0465
podas-BT-RA-BI,16,8,BT-F,0.0027
podas-BT-RA-BI,17,8,BT,0.0037
podas-BT-RA-BI,17,8,BT-O,0.0739
podas-BT-RA-BI,17,8,BT-F,0.0031
podas-BT-RA-BI,18,9,BT,0.0046
podas-BT-RA-BI,18,9,BT-O,0.1178
podas-BT-RA-BI,18,9,BT-F,0.0037
podas-BT-RA-BI,19,9,BT,0.0052
podas-BT-RA-BI,19,9,BT-O,0.1899
podas-BT-RA-BI,19,9,BT-F,0.0046
podas-BT-RA-BI,20,10,BT,0.0057
podas-BT-RA-BI,20,10,BT-O,0.3062
podas-BT-RA-BI,20,10,BT-F,0.0056
podas-BT-RA-BI,21,10,BT,0.0077
podas-BT-RA-BI,21,10,BT-O,0.5382
podas-BT-RA-BI,21,10,BT-F,0.0071
podas-BT-RA-BI,22,11,BT,0.0062
podas-BT-RA-BI,22,11,BT-O,0.8421
podas-BT-RA-BI,22,11,BT-F,0.0061
podas-BT-RA-BI,23,11,BT,0.0097
podas-BT-RA-BI,23,11,BT-O,1.2901
podas-BT-RA-BI,23,11,BT-F,0.0086
podas-BT-RA-BI,24,12,BT,0.0117
podas-BT-RA-BI,24,12,BT-O,2.0991
podas-BT-RA-BI,24,12,BT-F,0.0112
podas-BT-RA-BI,25,12,BT,0.0053
podas-BT-RA-BI,25,12,BT-O,3.5147
podas-BT-RA-BI,25,12,BT-F,0.0052
podas-BT-RA-BI,26,13,BT,0.0125
podas-BT-RA-BI,26,13,BT-O,5.8828
podas-BT-RA-BI,26,13,BT-F,0.0121
podas-BT-RA-BI,27,13,BT,0.0144
podas-BT-RA-BI,27,13,BT-O,9.4184
podas-BT-RA-BI,27,13,BT-F,0.0141
podas-BT-RA-BI,28,14,BT,0.0128
podas-BT-RA-BI,28,14,BT-O,14.6301
podas-BT-RA-BI,28,14,BT-F,0.0128
podas-BT-RA-BI,29,14,BT,0.0205
podas-BT-RA-BI,29,14,BT-O,23.8228
podas-BT-RA-BI,29,14,BT-F,0.0199
podas-BT-RA-BI,30,15,BT,0.0145
podas-BT-RA-BI,30,15,BT-O,40.8667
podas-BT-RA-BI,30,15,BT-F,0.0158
podas-BT-RA-BI,31,15,BT,0.0143
podas-BT-RA-BI,31,15,BT-O,62.0972
podas-BT-RA-BI,31,15,BT-F,0.0143
podas-BT-RA-BI,32,16,BT,0.0213
podas-BT-RA-BI,32,16,BT-O,98.1352
podas-BT-RA-BI,32,16,BT-F,0.0214
podas-BT-RA-BI,33,16,BT,0.0131
podas-BT-RA-BI,33,16,BT-O,163.487
podas-BT-RA-BI,33,16,BT-F,0.0139
podas-BT-RA-BI,34,17,BT,0.0176
podas-BT-RA-BI,34,17,BT-O,269.313
podas-BT-RA-BI,34,17,BT-F,0.0179
podas-BT-RA-BI,35,17,BT,0.0191
podas-BT-RA-BI,35,17,BT-O,431.189
podas-BT-RA-BI,35,17,BT-F,0.0208
podas-BT-RA-BI,36,18,BT,0.033
podas-BT-RA-BI,36,18,BT-O,681.995
podas-BT-RA-BI,36,18,BT-F,0.0349
podas-BT-RA-BI,37,18,BT,0.0299
podas-BT-RA-BI,37,18,BT-O,1094.25
podas-BT-RA-BI,37,18,BT-F,0.0321
podas-BT-RA-BI,38,19,BT,0.0316
podas-BT-RA-BI,38,19,BT-O,1800.97
podas-BT-RA-BI,38,19,BT-F,0.0359
podas-BT-RA-BI,39,19,BT,0.0389
podas-BT-RA-BI,39,19,BT-O,2946.63
podas-BT-RA-BI,39,19,BT-F,0.0427
podas-BT-RA-BI,40,20,BT,0.032
podas-BT-RA-BI,40,20,BT-O,4753.74
podas-BT-RA-BI,40,20,BT-F,0.037
podas-BT-RA-BI,41,20,BT,0.0487
podas-BT-RA-BI,41,20,BT-O,7504.59
podas-BT-RA-BI,41,20,BT-F,0.0488
podas-BT-RA-BI,42,21,BT,0.0552
podas-BT-RA-BI,42,21,BT-O,12224.5
podas-BT-RA-BI,42,21,BT-F,0.0629
podas-BT-RA-BI,43,21,BT,0.0603
podas-BT-RA-BI,43,21,BT-O,20158.6
podas-BT-RA-BI,43,21,BT-F,0.0636
podas-BT-RA-BI,44,22,BT,0.0951
podas-BT-RA-BI,44,22,BT-O,32360.0
podas-BT-RA-BI,44,22,BT-F,0.1011
podas-BT-RA-BI,45,22,BT,0.0428
podas-BT-RA-BI,45,22,BT-O,53026.0
podas-BT-RA-BI,45,22,BT-F,0.0458
podas-BT-RA-BD,1,1,BT,0.001
podas-BT-RA-BD,1,1,BT-O,0.001
podas-BT-RA-BD,1,1,BT-F,0.0005
podas-BT-RA-BD,2,1,BT,0.0011
podas-BT-RA-BD,2,1,BT-O,0.0011
podas-BT-RA-BD,2,1,BT-F,0.0006
podas-BT-RA-BD,3,1,BT,0.0011
podas-BT-RA-BD,3,1,BT-O,0.0013
podas-BT-RA-BD,3,1,BT-F,0.0006
podas-BT-RA-BD,4,2,BT,0.0013
podas-BT-RA-BD,4,2,BT-O,0.0014
podas-BT-RA-BD,4,2,BT-F,0.0007
podas-BT-RA-BD,5,2,BT,0.0013
podas-BT-RA-BD,5,2,BT-O,0.0015
podas-BT-RA-BD,5,2,BT-F,0.0007
podas-BT-RA-BD,6,3,BT,0.0014
podas-BT-RA-BD,6,3,BT-O,0.0017
podas-BT-RA-BD,6,3,BT-F,0.0009
podas-BT-RA-BD,7,3,BT,0.0016
podas-BT-RA-BD,7,3,BT-O,0.0021
podas-BT-RA-BD,7,3,BT-F,0.001
podas-BT-RA-BD,8,4,BT,0.0015
podas-BT-RA-BD,8,4,BT-O,0.0025
podas-BT-RA-BD,8,4,BT-F,0.0009
podas-BT-RA-BD,9,4,BT,0.0017
podas-BT-RA-BD,9,4,BT-O,0.0031
podas-BT-RA-BD,9,4,BT-F,0.0012
podas-BT-RA-BD,10,5,BT,0.0018
podas-BT-RA-BD,10,5,BT-O,0.0038
podas-BT-RA-BD,10,5,BT-F,0.0014
podas-BT-RA-BD,11,5,BT,0.0021
podas-BT-RA-BD,11,5,BT-O,0.0059
podas-BT-RA-BD,11,5,BT-F,0.0015
podas-BT-RA-BD,12,6,BT,0.0025
podas-BT-RA-BD,12,6,BT-O,0.0077
podas-BT-RA-BD,12,6,BT-F,0.002
podas-BT-RA-BD,13,6,BT,0.0023
podas-BT-RA-BD,13,6,BT-O,0.0125
podas-BT-RA-BD,13,6,BT-F,0.0016
podas-BT-RA-BD,14,7,BT,0.0025
podas-BT-RA-BD,14,7,BT-O,0.0149
podas-BT-RA-BD,14,7,BT-F,0.0023
podas-BT-RA-BD,15,7,BT,0.003
podas-BT-RA-BD,15,7,BT-O,0.0288
podas-BT-RA-BD,15,7,BT-F,0.0026
podas-BT-RA-BD,16,8,BT,0.003
podas-BT-RA-BD,16,8,BT-O,0.0453
podas-BT-RA-BD,16,8,BT-F,0.0027
podas-BT-RA-BD,17,8,BT,0.0035
podas-BT-RA-BD,17,8,BT-O,0.0674
podas-BT-RA-BD,17,8,BT-F,0.0032
podas-BT-RA-BD,18,9,BT,0.004
podas-BT-RA-BD,18,9,BT-O,0.1149
podas-BT-RA-BD,18,9,BT-F,0.0037
podas-BT-RA-BD,19,9,BT,0.0046
podas-BT-RA-BD,19,9,BT-O,0.1779
podas-BT-RA-BD,19,9,BT-F,0.0045
podas-BT-RA-BD,20,10,BT,0.0056
podas-BT-RA-BD,20,10,BT-O,0.3027
podas-BT-RA-BD,20,10,BT-F,0.0055
podas-BT-RA-BD,21,10,BT,0.0073
podas-BT-RA-BD,21,10,BT-O,0.479
podas-BT-RA-BD,21,10,BT-F,0.0067
podas-BT-RA-BD,22,11,BT,0.0066
podas-BT-RA-BD,22,11,BT-O,0.8035
podas-BT-RA-BD,22,11,BT-F,0.0063
podas-BT-RA-BD,23,11,BT,0.0094
podas-BT-RA-BD,23,11,BT-O,1.2724
podas-BT-RA-BD,23,11,BT-F,0.0085
podas-BT-RA-BD,24,12,BT,0.0125
podas-BT-RA-BD,24,12,BT-O,2.0886
podas-BT-RA-BD,24,12,BT-F,0.0112
podas-BT-RA-BD,25,12,BT,0.0052
podas-BT-RA-BD,25,12,BT-O,3.364
podas-BT-RA-BD,25,12,BT-F,0.0053
podas-BT-RA-BD,26,13,BT,0.0106
podas-BT-RA-BD,26,13,BT-O,5.29
podas-BT-RA-BD,26,13,BT-F,0.012
podas-BT-RA-BD,27,13,BT,0.0152
podas-BT-RA-BD,27,13,BT-O,8.7894
podas-BT-RA-BD,27,13,BT-F,0.0138
podas-BT-RA-BD,28,14,BT,0.0131
podas-BT-RA-BD,28,14,BT-O,14.2475
podas-BT-RA-BD,28,14,BT-F,0.0128
podas-BT-RA-BD,29,14,BT,0.0172
podas-BT-RA-BD,29,14,BT-O,22.3933
podas-BT-RA-BD,29,14,BT-F,0.0197
podas-BT-RA-BD,30,15,BT,0.014
podas-BT-RA-BD,30,15,BT-O,36.0398
podas-BT-RA-BD,30,15,BT-F,0.0158
podas-BT-RA-BD,31,15,BT,0.0124
podas-BT-RA-BD,31,15,BT-O,59.8725
podas-BT-RA-BD,31,15,BT-F,0.0144
podas-BT-RA-BD,32,16,BT,0.0209
podas-BT-RA-BD,32,16,BT-O,96.9951
podas-BT-RA-BD,32,16,BT-F,0.0209
podas-BT-RA-BD,33,16,BT,0.0128
podas-BT-RA-BD,33,16,BT-O,155.185
podas-BT-RA-BD,33,16,BT-F,0.0136
podas-BT-RA-BD,34,17,BT,0.0181
podas-BT-RA-BD,34,17,BT-O,254.033
podas-BT-RA-BD,34,17,BT-F,0.0178
podas-BT-RA-BD,35,17,BT,0.02
podas-BT-RA-BD,35,17,BT-O,413.671
podas-BT-RA-BD,35,17,BT-F,0.0206
podas-BT-RA-BD,36,18,BT,0.0328
podas-BT-RA-BD,36,18,BT-O,653.447
podas-BT-RA-BD,36,18,BT-F,0.0339
podas-BT-RA-BD,37,18,BT,0.0287
podas-BT-RA-BD,37,18,BT-O,1073.76
podas-BT-RA-BD,37,18,BT-F,0.032
podas-BT-RA-BD,38,19,BT,0.0315
podas-BT-RA-BD,38,19,BT-O,1751.52
podas-BT-RA-BD,38,19,BT-F,0.0357
podas-BT-RA-BD,39,19,BT,0.0401
podas-BT-RA-BD,39,19,BT-O,2960.19
podas-BT-RA-BD,39,19,BT-F,0.0414
podas-BT-RA-BD,40,20,BT,0.0314
podas-BT-RA-BD,40,20,BT-O,4512.84
podas-BT-RA-BD,40,20,BT-F,0.0368
podas-BT-RA-BD,41,20,BT,0.0488
podas-BT-RA-BD,41,20,BT-O,7430.23
podas-BT-RA-BD,41,20,BT-F,0.0491
podas-BT-RA-BD,42,21,BT,0.0606
podas-BT-RA-BD,42,21,BT-O,12064.2
podas-BT-RA-BD,42,21,BT-F,0.0627
podas-BT-RA-BD,43,21,BT,0.038
podas-BT-RA-BD,43,21,BT-O,18860.1
podas-BT-RA-BD,43,21,BT-F,0.0637
podas-BT-RA-BD,44,22,BT,0.0981
podas-BT-RA-BD,44,22,BT-O,31437.9
podas-BT-RA-BD,44,22,BT-F,0.1009
podas-BT-RA-BD,45,22,BT,0.0428
podas-BT-RA-BD,45,22,BT-O,53666.2
podas-BT-RA-BD,45,22,BT-F,0.0456
podas-BT-RB-BI,1,1,BT,0.001
podas-BT-RB-BI,1,1,BT-O,0.0011
podas-BT-RB-BI,1,1,BT-F,0.0005
podas-BT-RB-BI,2,1,BT,0.0011
podas-BT-RB-BI,2,1,BT-O,0.0012
podas-BT-RB-BI,2,1,BT-F,0.0006
podas-BT-RB-BI,3,1,BT,0.0011
podas-BT-RB-BI,3,1,BT-O,0.0012
podas-BT-RB-BI,3,1,BT-F,0.0006
podas-BT-RB-BI,4,3,BT,0.0013
podas-BT-RB-BI,4,3,BT-O,0.0014
podas-BT-RB-BI,4,3,BT-F,0.0007
podas-BT-RB-BI,5,5,BT,0.0013
podas-BT-RB-BI,5,5,BT-O,0.0015
podas-BT-RB-BI,5,5,BT-F,0.0009
podas-BT-RB-BI,6,7,BT,0.0013
podas-BT-RB-BI,6,7,BT-O,0.0015
podas-BT-RB-BI,6,7,BT-F,0.001
podas-BT-RB-BI,7,10,BT,0.0016
podas-BT-RB-BI,7,10,BT-O,0.0016
podas-BT-RB-BI,7,10,BT-F,0.0015
podas-BT-RB-BI,8,14,BT,0.002
podas-BT-RB-BI,8,14,BT-O,0.0022
podas-BT-RB-BI,8,14,BT-F,0.0018
podas-BT-RB-BI,9,18,BT,0.002
podas-BT-RB-BI,9,18,BT-O,0.0021
podas-BT-RB-BI,9,18,BT-F,0.0026
podas-BT-RB-BI,10,22,BT,0.002
podas-BT-RB-BI,10,22,BT-O,0.002
podas-BT-RB-BI,10,22,BT-F,0.0038
podas-BT-RB-BI,11,27,BT,0.0028
podas-BT-RB-BI,11,27,BT-O,0.0027
podas-BT-RB-BI,11,27,BT-F,0.0052
podas-BT-RB-BI,12,33,BT,0.0029
podas-BT-RB-BI,12,33,BT-O,0.0029
podas-BT-RB-BI,12,33,BT-F,0.0077
podas-BT-RB-BI,13,39,BT,0.0041
podas-BT-RB-BI,13,39,BT-O,0.004
podas-BT-RB-BI,13,39,BT-F,0.0114
podas-BT-RB-BI,14,45,BT,0.0067
podas-BT-RB-BI,14,45,BT-O,0.0068
podas-BT-RB-BI,14,45,BT-F,0.0174
podas-BT-RB-BI,15,52,BT,0.0067
podas-BT-RB-BI,15,52,BT-O,0.0068
podas-BT-RB-BI,15,52,BT-F,0.0278
podas-BT-RB-BI,16,60,BT,0.012
podas-BT-RB-BI,16,60,BT-O,0.0121
podas-BT-RB-BI,16,60,BT-F,0.0438
podas-BT-RB-BI,17,68,BT,0.0128
podas-BT-RB-BI,17,68,BT-O,0.0131
podas-BT-RB-BI,17,68,BT-F,0.0695
podas-BT-RB-BI,18,76,BT,0.0119
podas-BT-RB-BI,18,76,BT-O,0.0117
podas-BT-RB-BI,18,76,BT-F,0.1121
podas-BT-RB-BI,19,85,BT,0.0232
podas-BT-RB-BI,19,85,BT-O,0.0225
podas-BT-RB-BI,19,85,BT-F,0.1808
podas-BT-RB-BI,20,95,BT,0.0221
podas-BT-RB-BI,20,95,BT-O,0.0216
podas-BT-RB-BI,20,95,BT-F,0.2921
podas-BT-RB-BI,21,105,BT,0.0468
podas-BT-RB-BI,21,105,BT-O,0.0473
podas-BT-RB-BI,21,105,BT-F,0.5047
podas-BT-RB-BI,22,115,BT,0.0428
podas-BT-RB-BI,22,115,BT-O,0.042
podas-BT-RB-BI,22,115,BT-F,0.7993
podas-BT-RB-BI,23,126,BT,0.0419
podas-BT-RB-BI,23,126,BT-O,0.041
podas-BT-RB-BI,23,126,BT-F,1.2973
podas-BT-RB-BI,24,138,BT,0.1601
podas-BT-RB-BI,24,138,BT-O,0.1924
podas-BT-RB-BI,24,138,BT-F,3.3067
podas-BT-RB-BI,25,150,BT,0.1645
podas-BT-RB-BI,25,150,BT-O,0.1582
podas-BT-RB-BI,25,150,BT-F,3.2837
podas-BT-RB-BI,26,162,BT,0.1596
podas-BT-RB-BI,26,162,BT-O,0.1763
podas-BT-RB-BI,26,162,BT-F,5.2035
podas-BT-RB-BI,27,175,BT,0.1595
podas-BT-RB-BI,27,175,BT-O,0.1584
podas-BT-RB-BI,27,175,BT-F,8.3285
podas-BT-RB-BI,28,189,BT,0.3238
podas-BT-RB-BI,28,189,BT-O,0.3361
podas-BT-RB-BI,28,189,BT-F,13.5719
podas-BT-RB-BI,29,203,BT,0.3254
podas-BT-RB-BI,29,203,BT-O,0.3205
podas-BT-RB-BI,29,203,BT-F,21.6648
podas-BT-RB-BI,30,217,BT,0.6429
podas-BT-RB-BI,30,217,BT-O,0.7171
podas-BT-RB-BI,30,217,BT-F,37.6905
podas-BT-RB-BI,31,232,BT,1.4824
podas-BT-RB-BI,31,232,BT-O,1.3237
podas-BT-RB-BI,31,232,BT-F,60.3571
podas-BT-RB-BI,32,248,BT,1.3301
podas-BT-RB-BI,32,248,BT-O,1.2641
podas-BT-RB-BI,32,248,BT-F,93.3718
podas-BT-RB-BI,33,264,BT,2.6247
podas-BT-RB-BI,33,264,BT-O,2.5472
podas-BT-RB-BI,33,264,BT-F,149.15
podas-BT-RB-BI,34,280,BT,3.192
podas-BT-RB-BI,34,280,BT-O,3.1828
podas-BT-RB-BI,34,280,BT-F,247.64
podas-BT-RB-BI,35,297,BT,5.073
podas-BT-RB-BI,35,297,BT-O,5.0968
podas-BT-RB-BI,35,297,BT-F,400.602
podas-BT-RB-BI,36,315,BT,6.4143
podas-BT-RB-BI,36,315,BT-O,6.5828
podas-BT-RB-BI,36,315,BT-F,650.63
podas-BT-RB-BI,37,333,BT,6.0472
podas-BT-RB-BI,37,333,BT-O,5.3219
podas-BT-RB-BI,37,333,BT-F,1073.13
podas-BT-RB-BI,38,351,BT,10.2628
podas-BT-RB-BI,38,351,BT-O,10.1634
podas-BT-RB-BI,38,351,BT-F,1652.48
podas-BT-RB-BI,39,370,BT,21.4963
podas-BT-RB-BI,39,370,BT-O,21.37
podas-BT-RB-BI,39,370,BT-F,2701.34
podas-BT-RB-BI,40,390,BT,20.4794
podas-BT-RB-BI,40,390,BT-O,20.011
podas-BT-RB-BI,40,390,BT-F,4294.03
podas-BT-RB-BI,41,410,BT,42.5965
podas-BT-RB-BI,41,410,BT-O,40.8081
podas-BT-RB-BI,41,410,BT-F,7131.54
podas-BT-RB-BI,42,430,BT,40.6416
podas-BT-RB-BI,42,430,BT-O,40.1241
podas-BT-RB-BI,42,430,BT-F,11590.4
podas-BT-RB-BI,43,451,BT,81.8326
podas-BT-RB-BI,43,451,BT-O,80.6481
podas-BT-RB-BI,43,451,BT-F,18664.0
podas-BT-RB-BI,44,473,BT,94.2774
podas-BT-RB-BI,44,473,BT-O,84.5424
podas-BT-RB-BI,44,473,BT-F,30365.3
podas-BT-RB-BI,45,495,BT,82.4293
podas-BT-RB-BI,45,495,BT-O,81.7819
podas-BT-RB-BI,45,495,BT-F,50327.6
podas-BT-RB-BD,1,1,BT,0.001
podas-BT-RB-BD,1,1,BT-O,0.001
podas-BT-RB-BD,1,1,BT-F,0.0005
podas-BT-RB-BD,2,1,BT,0.001
podas-BT-RB-BD,2,1,BT-O,0.0011
podas-BT-RB-BD,2,1,BT-F,0.0006
podas-BT-RB-BD,3,1,BT,0.0011
podas-BT-RB-BD,3,1,BT-O,0.0012
podas-BT-RB-BD,3,1,BT-F,0.0007
podas-BT-RB-BD,4,3,BT,0.0013
podas-BT-RB-BD,4,3,BT-O,0.0014
podas-BT-RB-BD,4,3,BT-F,0.0007
podas-BT-RB-BD,5,5,BT,0.0013
podas-BT-RB-BD,5,5,BT-O,0.0015
podas-BT-RB-BD,5,5,BT-F,0.0009
podas-BT-RB-BD,6,7,BT,0.0013
podas-BT-RB-BD,6,7,BT-O,0.0016
podas-BT-RB-BD,6,7,BT-F,0.001
podas-BT-RB-BD,7,10,BT,0.0018
podas-BT-RB-BD,7,10,BT-O,0.002
podas-BT-RB-BD,7,10,BT-F,0.0015
podas-BT-RB-BD,8,14,BT,0.002
podas-BT-RB-BD,8,14,BT-O,0.0022
podas-BT-RB-BD,8,14,BT-F,0.0018
podas-BT-RB-BD,9,18,BT,0.0019
podas-BT-RB-BD,9,18,BT-O,0.002
podas-BT-RB-BD,9,18,BT-F,0.0025
podas-BT-RB-BD,10,22,BT,0.0017
podas-BT-RB-BD,10,22,BT-O,0.0018
podas-BT-RB-BD,10,22,BT-F,0.0037
podas-BT-RB-BD,11,27,BT,0.003
podas-BT-RB-BD,11,27,BT-O,0.0032
podas-BT-RB-BD,11,27,BT-F,0.0054
podas-BT-RB-BD,12,33,BT,0.0024
podas-BT-RB-BD,12,33,BT-O,0.0024
podas-BT-RB-BD,12,33,BT-F,0.0076
podas-BT-RB-BD,13,39,BT,0.0063
podas-BT-RB-BD,13,39,BT-O,0.0064
podas-BT-RB-BD,13,39,BT-F,0.0116
podas-BT-RB-BD,14,45,BT,0.0027
podas-BT-RB-BD,14,45,BT-O,0.003
podas-BT-RB-BD,14,45,BT-F,0.0176
podas-BT-RB-BD,15,52,BT,0.0068
podas-BT-RB-BD,15,52,BT-O,0.0068
podas-BT-RB-BD,15,52,BT-F,0.0278
podas-BT-RB-BD,16,60,BT,0.0053
podas-BT-RB-BD,16,60,BT-O,0.0055
podas-BT-RB-BD,16,60,BT-F,0.0439
podas-BT-RB-BD,17,68,BT,0.0048
podas-BT-RB-BD,17,68,BT-O,0.0054
podas-BT-RB-BD,17,68,BT-F,0.0692
podas-BT-RB-BD,18,76,BT,0.012
podas-BT-RB-BD,18,76,BT-O,0.0115
podas-BT-RB-BD,18,76,BT-F,0.1114
podas-BT-RB-BD,19,85,BT,0.0149
podas-BT-RB-BD,19,85,BT-O,0.0146
podas-BT-RB-BD,19,85,BT-F,0.1793
podas-BT-RB-BD,20,95,BT,0.017
podas-BT-RB-BD,20,95,BT-O,0.0169
podas-BT-RB-BD,20,95,BT-F,0.3129
podas-BT-RB-BD,21,105,BT,0.0159
podas-BT-RB-BD,21,105,BT-O,0.0159
podas-BT-RB-BD,21,105,BT-F,0.4734
podas-BT-RB-BD,22,115,BT,0.0205
podas-BT-RB-BD,22,115,BT-O,0.0206
podas-BT-RB-BD,22,115,BT-F,0.7922
podas-BT-RB-BD,23,126,BT,0.0176
podas-BT-RB-BD,23,126,BT-O,0.0174
podas-BT-RB-BD,23,126,BT-F,1.2157
podas-BT-RB-BD,24,138,BT,0.2083
podas-BT-RB-BD,24,138,BT-O,0.1947
podas-BT-RB-BD,24,138,BT-F,2.0132
podas-BT-RB-BD,25,150,BT,0.2071
podas-BT-RB-BD,25,150,BT-O,0.2002
podas-BT-RB-BD,25,150,BT-F,3.1775
podas-BT-RB-BD,26,162,BT,0.0647
podas-BT-RB-BD,26,162,BT-O,0.0642
podas-BT-RB-BD,26,162,BT-F,5.1437
podas-BT-RB-BD,27,175,BT,0.341
podas-BT-RB-BD,27,175,BT-O,0.3387
podas-BT-RB-BD,27,175,BT-F,8.2575
podas-BT-RB-BD,28,189,BT,0.4178
podas-BT-RB-BD,28,189,BT-O,0.4229
podas-BT-RB-BD,28,189,BT-F,13.4331
podas-BT-RB-BD,29,203,BT,0.0401
podas-BT-RB-BD,29,203,BT-O,0.0406
podas-BT-RB-BD,29,203,BT-F,21.6053
podas-BT-RB-BD,30,217,BT,0.436
podas-BT-RB-BD,30,217,BT-O,0.428
podas-BT-RB-BD,30,217,BT-F,35.0402
podas-BT-RB-BD,31,232,BT,0.1952
podas-BT-RB-BD,31,232,BT-O,0.1927
podas-BT-RB-BD,31,232,BT-F,56.4927
podas-BT-RB-BD,32,248,BT,0.1464
podas-BT-RB-BD,32,248,BT-O,0.1455
podas-BT-RB-BD,32,248,BT-F,91.9031
podas-BT-RB-BD,33,264,BT,0.0551
podas-BT-RB-BD,33,264,BT-O,0.054
podas-BT-RB-BD,33,264,BT-F,148.734
podas-BT-RB-BD,34,280,BT,0.6312
podas-BT-RB-BD,34,280,BT-O,0.5979
podas-BT-RB-BD,34,280,BT-F,242.559
podas-BT-RB-BD,35,297,BT,2.2116
podas-BT-RB-BD,35,297,BT-O,2.1921
podas-BT-RB-BD,35,297,BT-F,395.393
podas-BT-RB-BD,36,315,BT,0.1859
podas-BT-RB-BD,36,315,BT-O,0.1838
podas-BT-RB-BD,36,315,BT-F,624.618
podas-BT-RB-BD,37,333,BT,5.1227
podas-BT-RB-BD,37,333,BT-O,5.0626
podas-BT-RB-BD,37,333,BT-F,1060.83
podas-BT-RB-BD,38,351,BT,19.2034
podas-BT-RB-BD,38,351,BT-O,18.6767
podas-BT-RB-BD,38,351,BT-F,1683.09
podas-BT-RB-BD,39,370,BT,3.0072
podas-BT-RB-BD,39,370,BT-O,2.7934
podas-BT-RB-BD,39,370,BT-F,2695.66
podas-BT-RB-BD,40,390,BT,9.9034
podas-BT-RB-BD,40,390,BT-O,9.8101
podas-BT-RB-BD,40,390,BT-F,4410.09
podas-BT-RB-BD,41,410,BT,52.1205
podas-BT-RB-BD,41,410,BT-O,51.622
podas-BT-RB-BD,41,410,BT-F,7216.25
podas-BT-RB-BD,42,430,BT,12.6371
podas-BT-RB-BD,42,430,BT-O,12.5968
podas-BT-RB-BD,42,430,BT-F,11605.5
podas-BT-RB-BD,43,451,BT,5.5811
podas-BT-RB-BD,43,451,BT-O,5.5226
podas-BT-RB-BD,43,451,BT-F,18363.5
podas-BT-RB-BD,44,473,BT,2.1325
podas-BT-RB-BD,44,473,BT-O,2.1005
podas-BT-RB-BD,44,473,BT-F,29617.8
podas-BT-RB-BD,45,495,BT,75.4763
podas-BT-RB-BD,45,495,BT-O,73.2337
podas-BT-RB-BD,45,495,BT-F,48962.7
BTvsPD-DRB,1,1,BT,0.001
BTvsPD-DRB,1,1,DP,0.0022
BTvsPD-DRB,1,1,BT-F,0.0005
BTvsPD-DRB,2,1,BT,0.0011
BTvsPD-DRB,2,1,DP,0.0022
BTvsPD-DRB,2,1,BT-F,0.0006
BTvsPD-DRB,3,1,BT,0.0011
BTvsPD-DRB,3,1,DP,0.0025
BTvsPD-DRB,3,1,BT-F,0.0006
BTvsPD-DRB,4,2,BT,0.0012
BTvsPD-DRB,4,2,DP,0.0029
BTvsPD-DRB,4,2,BT-F,0.0008
BTvsPD-DRB,5,2,BT,0.0012
BTvsPD-DRB,5,2,DP,0.0031
BTvsPD-DRB,5,2,BT-F,0.001
BTvsPD-DRB,6,3,BT,0.0016
BTvsPD-DRB,6,3,DP,0.0041
BTvsPD-DRB,6,3,BT-F,0.0011
BTvsPD-DRB,7,3,BT,0.0016
BTvsPD-DRB,7,3,DP,0.0046
BTvsPD-DRB,7,3,BT-F,0.0014
BTvsPD-DRB,8,4,BT,0.002
BTvsPD-DRB,8,4,DP,0.0054
BTvsPD-DRB,8,4,BT-F,0.0019
BTvsPD-DRB,9,4,BT,0.002
BTvsPD-DRB,9,4,DP,0.0062
BTvsPD-DRB,9,4,BT-F,0.0025
BTvsPD-DRB,10,5,BT,0.0028
BTvsPD-DRB,10,5,DP,0.0077
BTvsPD-DRB,10,5,BT-F,0.0035
BTvsPD-DRB,11,5,BT,0.0027
BTvsPD-DRB,11,5,DP,0.0084
BTvsPD-DRB,11,5,BT-F,0.0049
BTvsPD-DRB,12,6,BT,0.0041
BTvsPD-DRB,12,6,DP,0.0098
BTvsPD-DRB,12,6,BT-F,0.0073
BTvsPD-DRB,13,6,BT,0.004
BTvsPD-DRB,13,6,DP,0.0111
BTvsPD-DRB,13,6,BT-F,0.0112
BTvsPD-DRB,14,7,BT,0.0068
BTvsPD-DRB,14,7,DP,0.0129
BTvsPD-DRB,14,7,BT-F,0.0174
BTvsPD-DRB,15,7,BT,0.0064
BTvsPD-DRB,15,7,DP,0.015
BTvsPD-DRB,15,7,BT-F,0.0275
BTvsPD-DRB,16,8,BT,0.0116
BTvsPD-DRB,16,8,DP,0.024
BTvsPD-DRB,16,8,BT-F,0.0434
BTvsPD-DRB,17,8,BT,0.0114
BTvsPD-DRB,17,8,DP,0.0204
BTvsPD-DRB,17,8,BT-F,0.0693
BTvsPD-DRB,18,9,BT,0.022
BTvsPD-DRB,18,9,DP,0.0231
BTvsPD-DRB,18,9,BT-F,0.113
BTvsPD-DRB,19,9,BT,0.0221
BTvsPD-DRB,19,9,DP,0.0261
BTvsPD-DRB,19,9,BT-F,0.1788
BTvsPD-DRB,20,10,BT,0.0416
BTvsPD-DRB,20,10,DP,0.0295
BTvsPD-DRB,20,10,BT-F,0.2947
BTvsPD-DRB,21,10,BT,0.0413
BTvsPD-DRB,21,10,DP,0.0385
BTvsPD-DRB,21,10,BT-F,0.4711
BTvsPD-DRB,22,11,BT,0.0807
BTvsPD-DRB,22,11,DP,0.0425
BTvsPD-DRB,22,11,BT-F,0.7565
BTvsPD-DRB,23,11,BT,0.0806
BTvsPD-DRB,23,11,DP,0.0482
BTvsPD-DRB,23,11,BT-F,1.2193
BTvsPD-DRB,24,12,BT,0.1599
BTvsPD-DRB,24,12,DP,0.0532
BTvsPD-DRB,24,12,BT-F,2.1023
BTvsPD-DRB,25,12,BT,0.1596
BTvsPD-DRB,25,12,DP,0.0578
BTvsPD-DRB,25,12,BT-F,3.1789
BTvsPD-DRB,26,13,BT,0.3236
BTvsPD-DRB,26,13,DP,0.066
BTvsPD-DRB,26,13,BT-F,5.188
BTvsPD-DRB,27,13,BT,0.3232
BTvsPD-DRB,27,13,DP,0.0772
BTvsPD-DRB,27,13,BT-F,8.3905
BTvsPD-DRB,28,14,BT,0.6443
BTvsPD-DRB,28,14,DP,0.083
BTvsPD-DRB,28,14,BT-F,13.5036
BTvsPD-DRB,29,14,BT,0.6443
BTvsPD-DRB,29,14,DP,0.0904
BTvsPD-DRB,29,14,BT-F,21.8435
BTvsPD-DRB,30,15,BT,1.3136
BTvsPD-DRB,30,15,DP,0.1054
BTvsPD-DRB,30,15,BT-F,35.6058
BTvsPD-DRB,31,15,BT,1.2745
BTvsPD-DRB,31,15,DP,0.1139
BTvsPD-DRB,31,15,BT-F,56.9418
BTvsPD-DRB,32,16,BT,2.562
BTvsPD-DRB,32,16,DP,0.1208
BTvsPD-DRB,32,16,BT-F,93.7691
BTvsPD-DRB,33,16,BT,2.5464
BTvsPD-DRB,33,16,DP,0.1387
BTvsPD-DRB,33,16,BT-F,150.215
BTvsPD-DRB,34,17,BT,5.0992
BTvsPD-DRB,34,17,DP,0.1491
BTvsPD-DRB,34,17,BT-F,244.153
BTvsPD-DRB,35,17,BT,5.1039
BTvsPD-DRB,35,17,DP,0.159
BTvsPD-DRB,35,17,BT-F,390.553
BTvsPD-DRB,36,18,BT,10.2137
BTvsPD-DRB,36,18,DP,0.1685
BTvsPD-DRB,36,18,BT-F,629.786
BTvsPD-DRB,37,18,BT,10.3037
BTvsPD-DRB,37,18,DP,0.1826
BTvsPD-DRB,37,18,BT-F,1024.52
BTvsPD-DRB,38,19,BT,20.2169
BTvsPD-DRB,38,19,DP,0.1949
BTvsPD-DRB,38,19,BT-F,1658.12
BTvsPD-DRB,39,19,BT,20.2574
BTvsPD-DRB,39,19,DP,0.2085
BTvsPD-DRB,39,19,BT-F,2678.74
BTvsPD-DRB,40,20,BT,40.5517
BTvsPD-DRB,40,20,DP,0.2241
BTvsPD-DRB,40,20,BT-F,4286.6
BTvsPD-DRB,41,20,BT,40.3218
BTvsPD-DRB,41,20,DP,0.2362
BTvsPD-DRB,41,20,BT-F,7014.57
BTvsPD-DRB,42,21,BT,82.1182
BTvsPD-DRB,42,21,DP,0.2733
BTvsPD-DRB,42,21,BT-F,11392.5
BTvsPD-DRB,43,21,BT,80.154
BTvsPD-DRB,43,21,DP,0.2826
BTvsPD-DRB,43,21,BT-F,18315.4
BTvsPD-DRB,44,22,BT,162.356
BTvsPD-DRB,44,22,DP,0.2975
BTvsPD-DRB,44,22,BT-F,29752.8
BTvsPD-DRB,45,22,BT,159.155
BTvsPD-DRB,45,22,DP,0.315
BTvsPD-DRB,45,22,BT-F,48493.5
BTvsPD-DRA,1,1,BT,0.001
BTvsPD-DRA,1,1,DP,0.0022
BTvsPD-DRA,1,1,BT-O,0.001
BTvsPD-DRA,2,1,BT,0.0011
BTvsPD-DRA,2,1,DP,0.0022
BTvsPD-DRA,2,1,BT-O,0.0011
BTvsPD-DRA,3,1,BT,0.0011
BTvsPD-DRA,3,1,DP,0.0025
BTvsPD-DRA,3,1,BT-O,0.0012
BTvsPD-DRA,4,2,BT,0.0012
BTvsPD-DRA,4,2,DP,0.003
BTvsPD-DRA,4,2,BT-O,0.0014
BTvsPD-DRA,5,2,BT,0.0014
BTvsPD-DRA,5,2,DP,0.003
BTvsPD-DRA,5,2,BT-O,0.0015
BTvsPD-DRA,6,3,BT,0.0016
BTvsPD-DRA,6,3,DP,0.0031
BTvsPD-DRA,6,3,BT-O,0.0017
BTvsPD-DRA,7,3,BT,0.0016
BTvsPD-DRA,7,3,DP,0.0034
BTvsPD-DRA,7,3,BT-O,0.002
BTvsPD-DRA,8,4,BT,0.0021
BTvsPD-DRA,8,4,DP,0.0039
BTvsPD-DRA,8,4,BT-O,0.0025
BTvsPD-DRA,9,4,BT,0.0019
BTvsPD-DRA,9,4,DP,0.0044
BTvsPD-DRA,9,4,BT-O,0.0031
BTvsPD-DRA,10,5,BT,0.0022
BTvsPD-DRA,10,5,DP,0.0059
BTvsPD-DRA,10,5,BT-O,0.0041
BTvsPD-DRA,11,5,BT,0.0024
BTvsPD-DRA,11,5,DP,0.0061
BTvsPD-DRA,11,5,BT-O,0.0057
BTvsPD-DRA,12,6,BT,0.0029
BTvsPD-DRA,12,6,DP,0.006
BTvsPD-DRA,12,6,BT-O,0.0083
BTvsPD-DRA,13,6,BT,0.0032
BTvsPD-DRA,13,6,DP,0.0074
BTvsPD-DRA,13,6,BT-O,0.0123
BTvsPD-DRA,14,7,BT,0.0037
BTvsPD-DRA,14,7,DP,0.0078
BTvsPD-DRA,14,7,BT-O,0.0189
BTvsPD-DRA,15,7,BT,0.004
BTvsPD-DRA,15,7,DP,0.0082
BTvsPD-DRA,15,7,BT-O,0.0298
BTvsPD-DRA,16,8,BT,0.005
BTvsPD-DRA,16,8,DP,0.0079
BTvsPD-DRA,16,8,BT-O,0.0464
BTvsPD-DRA,17,8,BT,0.0054
BTvsPD-DRA,17,8,DP,0.0082
BTvsPD-DRA,17,8,BT-O,0.0739
BTvsPD-DRA,18,9,BT,0.0061
BTvsPD-DRA,18,9,DP,0.0087
BTvsPD-DRA,18,9,BT-O,0.1169
BTvsPD-DRA,19,9,BT,0.0064
BTvsPD-DRA,19,9,DP,0.0091
BTvsPD-DRA,19,9,BT-O,0.1895
BTvsPD-DRA,20,10,BT,0.0081
BTvsPD-DRA,20,10,DP,0.0102
BTvsPD-DRA,20,10,BT-O,0.3116
BTvsPD-DRA,21,10,BT,0.0087
BTvsPD-DRA,21,10,DP,0.0102
BTvsPD-DRA,21,10,BT-O,0.4984
BTvsPD-DRA,22,11,BT,0.0107
BTvsPD-DRA,22,11,DP,0.0109
BTvsPD-DRA,22,11,BT-O,0.8022
BTvsPD-DRA,23,11,BT,0.0114
BTvsPD-DRA,23,11,DP,0.0111
BTvsPD-DRA,23,11,BT-O,1.2919
BTvsPD-DRA,24,12,BT,0.0143
BTvsPD-DRA,24,12,DP,0.012
BTvsPD-DRA,24,12,BT-O,2.1295
BTvsPD-DRA,25,12,BT,0.0152
BTvsPD-DRA,25,12,DP,0.0125
BTvsPD-DRA,25,12,BT-O,3.4107
BTvsPD-DRA,26,13,BT,0.0189
BTvsPD-DRA,26,13,DP,0.0132
BTvsPD-DRA,26,13,BT-O,5.5024
BTvsPD-DRA,27,13,BT,0.0197
BTvsPD-DRA,27,13,DP,0.0135
BTvsPD-DRA,27,13,BT-O,8.9325
BTvsPD-DRA,28,14,BT,0.0243
BTvsPD-DRA,28,14,DP,0.0144
BTvsPD-DRA,28,14,BT-O,14.3094
BTvsPD-DRA,29,14,BT,0.0256
BTvsPD-DRA,29,14,DP,0.0149
BTvsPD-DRA,29,14,BT-O,23.2443
BTvsPD-DRA,30,15,BT,0.0314
BTvsPD-DRA,30,15,DP,0.0154
BTvsPD-DRA,30,15,BT-O,37.5142
BTvsPD-DRA,31,15,BT,0.0325
BTvsPD-DRA,31,15,DP,0.0158
BTvsPD-DRA,31,15,BT-O,60.4693
BTvsPD-DRA,32,16,BT,0.0385
BTvsPD-DRA,32,16,DP,0.0168
BTvsPD-DRA,32,16,BT-O,98.074
BTvsPD-DRA,33,16,BT,0.0402
BTvsPD-DRA,33,16,DP,0.0168
BTvsPD-DRA,33,16,BT-O,157.482
BTvsPD-DRA,34,17,BT,0.0487
BTvsPD-DRA,34,17,DP,0.0182
BTvsPD-DRA,34,17,BT-O,256.034
BTvsPD-DRA,35,17,BT,0.0506
BTvsPD-DRA,35,17,DP,0.0184
BTvsPD-DRA,35,17,BT-O,416.204
BTvsPD-DRA,36,18,BT,0.0617
BTvsPD-DRA,36,18,DP,0.0201
BTvsPD-DRA,36,18,BT-O,673.089
BTvsPD-DRA,37,18,BT,0.0645
BTvsPD-DRA,37,18,DP,0.0207
BTvsPD-DRA,37,18,BT-O,1075.9
BTvsPD-DRA,38,19,BT,0.0772
BTvsPD-DRA,38,19,DP,0.0216
BTvsPD-DRA,38,19,BT-O,1759.36
BTvsPD-DRA,39,19,BT,0.0786
BTvsPD-DRA,39,19,DP,0.0223
BTvsPD-DRA,39,19,BT-O,2856.04
BTvsPD-DRA,40,20,BT,0.0978
BTvsPD-DRA,40,20,DP,0.0233
BTvsPD-DRA,40,20,BT-O,4523.59
BTvsPD-DRA,41,20,BT,0.1013
BTvsPD-DRA,41,20,DP,0.0237
BTvsPD-DRA,41,20,BT-O,7301.42
BTvsPD-DRA,42,21,BT,0.1215
BTvsPD-DRA,42,21,DP,0.0248
BTvsPD-DRA,42,21,BT-O,11987.1
BTvsPD-DRA,43,21,BT,0.125
BTvsPD-DRA,43,21,DP,0.0252
BTvsPD-DRA,43,21,BT-O,19332.0
BTvsPD-DRA,44,22,BT,0.1496
BTvsPD-DRA,44,22,DP,0.0256
BTvsPD-DRA,44,22,BT-O,31867.2
BTvsPD-DRA,45,22,BT,0.1546
BTvsPD-DRA,45,22,DP,0.0264
BTvsPD-DRA,45,22,BT-O,51996.1
